{"spam_words": {"urgent": 30, "you": 60, "have": 15, "won": 15, "click": 30, "here": 30, "claim": 30, "your": 105, "prize": 15, "now": 75, "congratulations": 15, "youve": 30, "been": 15, "selected": 15, "for": 30, "special": 15, "offer": 30, "act": 15, "free": 30, "money": 60, "strings": 15, "attached": 15, "send": 15, "bank": 15, "details": 30, "immediately": 15, "winner": 30, "are": 15, "our": 15, "lucky": 15, "today": 15, "reward": 15, "instantly": 15, "limited": 15, "time": 15, "get": 30, "rich": 15, "quick": 15, "scheme": 15, "guaranteed": 15, "returns": 15, "alert": 15, "account": 30, "will": 15, "suspended": 15, "verify": 15, "exclusive": 15, "deal": 15, "just": 15, "make": 30, "from": 45, "home": 45, "easily": 15, "inherited": 15, "millions": 15, "contact": 15, "with": 15, "personal": 15, "information": 30, "update": 15, "payment": 15, "avoid": 15, "closure": 15, "amazing": 15, "opportunity": 30, "earn": 15, "per": 15, "week": 15, "working": 15, "viagra": 15, "cheap": 15, "prescription": 15, "needed": 15, "fast": 30, "work": 15, "owe": 15, "pay": 15, "face": 15, "consequences": 15, "gift": 15, "card": 15, "redeem": 15, "lose": 15, "weight": 15, "miracle": 15, "pill": 15, "available": 15}, "ham_words": {"john": 15, "hope": 30, "youre": 15, "doing": 15, "well": 15, "lets": 15, "catch": 15, "over": 15, "coffee": 15, "this": 30, "weekend": 30, "meeting": 30, "scheduled": 15, "for": 90, "tomorrow": 15, "conference": 15, "room": 15, "thank": 15, "you": 60, "your": 90, "purchase": 15, "order": 15, "will": 15, "delivered": 30, "days": 15, "reminder": 15, "subscription": 15, "expires": 15, "next": 45, "month": 15, "please": 45, "renew": 15, "needed": 15, "project": 30, "update": 15, "weve": 15, "completed": 15, "phase": 30, "and": 30, "moving": 15, "happy": 15, "birthday": 15, "have": 30, "wonderful": 15, "day": 15, "with": 15, "family": 15, "friends": 15, "the": 105, "quarterly": 15, "report": 15, "ready": 15, "review": 30, "find": 15, "attached": 30, "weather": 30, "forecast": 15, "sunny": 15, "skies": 15, "expected": 15, "perfect": 30, "outdoor": 15, "activities": 15, "flight": 15, "booking": 15, "confirmation": 15, "tuesdays": 15, "business": 15, "trip": 15, "team": 30, "lunch": 15, "new": 30, "restaurant": 15, "downtown": 15, "see": 15, "looking": 15, "forward": 15, "our": 15, "week": 15, "about": 30, "document": 15, "when": 15, "time": 15, "nice": 15, "today": 15, "walk": 15, "park": 15, "dont": 15, "forget": 15, "building": 15, "event": 15, "friday": 15, "afternoon": 15, "package": 15, "has": 15, "been": 15, "successfully": 15, "address": 15}, "spam_count": 225, "ham_count": 225, "vocabulary": ["money", "walk", "scheme", "card", "scheduled", "restaurant", "quick", "meeting", "needed", "address", "cheap", "days", "well", "suspended", "booking", "with", "act", "weather", "miracle", "selected", "doing", "building", "package", "attached", "weekend", "delivered", "catch", "reward", "purchase", "dont", "tomorrow", "owe", "forward", "been", "afternoon", "lets", "will", "work", "prize", "congratulations", "limited", "downtown", "moving", "closure", "month", "details", "consequences", "phase", "bank", "event", "expires", "john", "have", "you", "update", "has", "happy", "opportunity", "pay", "report", "confirmation", "viagra", "are", "prescription", "next", "over", "returns", "lucky", "inherited", "birthday", "ready", "won", "and", "get", "successfully", "park", "order", "home", "skies", "room", "weve", "account", "contact", "day", "reminder", "thank", "exclusive", "avoid", "project", "friends", "lunch", "millions", "click", "subscription", "weight", "payment", "outdoor", "amazing", "easily", "earn", "special", "information", "youve", "now", "our", "rich", "please", "this", "renew", "tuesdays", "trip", "guaranteed", "wonderful", "winner", "available", "youre", "your", "today", "week", "for", "forecast", "find", "alert", "review", "per", "nice", "conference", "forget", "business", "claim", "redeem", "when", "quarterly", "personal", "deal", "strings", "family", "new", "activities", "looking", "completed", "pill", "here", "offer", "immediately", "expected", "team", "friday", "about", "free", "document", "lose", "face", "perfect", "make", "fast", "flight", "the", "gift", "working", "just", "send", "see", "time", "coffee", "hope", "instantly", "verify", "from", "urgent", "sunny"]}